{
    "name": "DarkChorus",
    "filename": "DarkChorus.dsp",
    "version": "2.72.10",
    "compile_options": "-lang wasm-i -ct 1 -es 1 -mcd 16 -mdd 1024 -mdy 33 -single -ftz 2",
    "include_pathnames": [
        "/share/faust",
        "/usr/local/share/faust",
        "/usr/share/faust",
        "."
    ],
    "size": 590016,
    "code": "wFC8",
    "inputs": 1,
    "outputs": 2,
    "meta": [
        {
            "basics_lib_bypass1to2_author": "Julius Smith"
        },
        {
            "basics_lib_name": "Faust Basic Element Library"
        },
        {
            "basics_lib_tabulateNd": "Copyright (C) 2023 Bart Brouns <bart@magnetophon.nl>"
        },
        {
            "basics_lib_version": "1.15.0"
        },
        {
            "compile_options": "-single -scal -I /usr/share/project/"
        },
        {
            "delays_lib_name": "Faust Delay Library"
        },
        {
            "delays_lib_version": "1.1.0"
        },
        {
            "designer": "Robert A. Moog"
        },
        {
            "filename": "DarkChorus.dsp"
        },
        {
            "library_path0": "/usr/share/faust/stdfaust.lib"
        },
        {
            "library_path1": "/usr/share/faust/basics.lib"
        },
        {
            "library_path2": "/usr/share/faust/signals.lib"
        },
        {
            "library_path3": "/usr/share/faust/maths.lib"
        },
        {
            "library_path4": "/usr/share/faust/platform.lib"
        },
        {
            "library_path5": "/usr/share/faust/delays.lib"
        },
        {
            "library_path6": "/usr/share/faust/oscillators.lib"
        },
        {
            "library_path7": "/usr/share/faust/routes.lib"
        },
        {
            "maths_lib_author": "GRAME"
        },
        {
            "maths_lib_copyright": "GRAME"
        },
        {
            "maths_lib_license": "LGPL with exception"
        },
        {
            "maths_lib_name": "Faust Math Library"
        },
        {
            "maths_lib_version": "2.8.0"
        },
        {
            "name": "DarkChorus"
        },
        {
            "oscillators_lib_name": "Faust Oscillator Library"
        },
        {
            "oscillators_lib_version": "1.5.1"
        },
        {
            "platform_lib_name": "Generic Platform Library"
        },
        {
            "platform_lib_version": "1.3.0"
        },
        {
            "routes_lib_name": "Faust Signal Routing Library"
        },
        {
            "routes_lib_version": "1.2.0"
        },
        {
            "signals_lib_name": "Faust Signal Routing Library"
        },
        {
            "signals_lib_version": "1.5.0"
        },
        {
            "version": "2.74.1"
        }
    ],
    "ui": [
        {
            "type": "hgroup",
            "label": "DarkChorus",
            "items": [
                {
                    "type": "hgroup",
                    "label": "Effects",
                    "meta": [
                        {
                            "1": ""
                        }
                    ],
                    "items": [
                        {
                            "type": "vgroup",
                            "label": "Chorus",
                            "meta": [
                                {
                                    "6": ""
                                }
                            ],
                            "items": [
                                {
                                    "type": "hgroup",
                                    "label": "Knobs",
                                    "meta": [
                                        {
                                            "0": ""
                                        }
                                    ],
                                    "items": [
                                        {
                                            "type": "vslider",
                                            "label": "Delay",
                                            "shortname": "Delay",
                                            "address": "/DarkChorus/Effects/Chorus/Knobs/Delay",
                                            "index": 589864,
                                            "meta": [
                                                {
                                                    "0": ""
                                                },
                                                {
                                                    "midi": "ctrl 4"
                                                },
                                                {
                                                    "style": "knob"
                                                }
                                            ],
                                            "init": 0.5,
                                            "min": 0,
                                            "max": 1,
                                            "step": 1
                                        },
                                        {
                                            "type": "vslider",
                                            "label": "Rate",
                                            "shortname": "Rate",
                                            "address": "/DarkChorus/Effects/Chorus/Knobs/Rate",
                                            "index": 589892,
                                            "meta": [
                                                {
                                                    "1": ""
                                                },
                                                {
                                                    "midi": "ctrl 2"
                                                },
                                                {
                                                    "style": "knob"
                                                },
                                                {
                                                    "unit": "Hz"
                                                }
                                            ],
                                            "init": 0.5,
                                            "min": 0.01,
                                            "max": 7,
                                            "step": 0.0001
                                        },
                                        {
                                            "type": "vslider",
                                            "label": "Depth",
                                            "shortname": "Depth",
                                            "address": "/DarkChorus/Effects/Chorus/Knobs/Depth",
                                            "index": 524312,
                                            "meta": [
                                                {
                                                    "4": ""
                                                },
                                                {
                                                    "midi": "ctrl 3"
                                                },
                                                {
                                                    "style": "knob"
                                                }
                                            ],
                                            "init": 0.5,
                                            "min": 0,
                                            "max": 1,
                                            "step": 0.001
                                        },
                                        {
                                            "type": "vslider",
                                            "label": "Deviation",
                                            "shortname": "Deviation",
                                            "address": "/DarkChorus/Effects/Chorus/Knobs/Deviation",
                                            "index": 589876,
                                            "meta": [
                                                {
                                                    "6": ""
                                                },
                                                {
                                                    "midi": "ctrl 58"
                                                },
                                                {
                                                    "style": "knob"
                                                }
                                            ],
                                            "init": 0.5,
                                            "min": 0,
                                            "max": 1,
                                            "step": 0.001
                                        }
                                    ]
                                },
                                {
                                    "type": "hgroup",
                                    "label": "Switches",
                                    "meta": [
                                        {
                                            "1": ""
                                        }
                                    ],
                                    "items": [
                                        {
                                            "type": "checkbox",
                                            "label": "Enable",
                                            "shortname": "Enable",
                                            "address": "/DarkChorus/Effects/Chorus/Switches/Enable",
                                            "index": 524296,
                                            "meta": [
                                                {
                                                    "0": ""
                                                },
                                                {
                                                    "midi": "ctrl 105"
                                                }
                                            ]
                                        }
                                    ]
                                }
                            ]
                        }
                    ]
                }
            ]
        }
    ]
}